<ImportExportXml xmlns:xsi="http://www.w3.org/2001/XMLSchema-instance" OrganizationVersion="9.2.24104.202" OrganizationSchemaType="Standard" CRMServerServiceabilityVersion="9.2.24104.00202">
  <Entities>
    <Entity>
      <Name LocalizedName="TaxiData" OriginalName="TaxiData">crdb9_TaxiData</Name>
      <EntityInfo>
        <entity Name="crdb9_TaxiData">
          <LocalizedNames>
            <LocalizedName description="TaxiData" languagecode="1033" />
          </LocalizedNames>
          <LocalizedCollectionNames>
            <LocalizedCollectionName description="TaxiDatas" languagecode="1033" />
          </LocalizedCollectionNames>
          <attributes />
          <EntityKeys>
            <EntityKey>
              <Name>crdb9_primarykey</Name>
              <LogicalName>crdb9_primarykey</LogicalName>
              <IntroducedVersion>1.0.0.0</IntroducedVersion>
              <IsSynchronous>1</IsSynchronous>
              <IsCustomizable>0</IsCustomizable>
              <EntityKeyAttributes>
                <AttributeName>crdb9_indentifier</AttributeName>
              </EntityKeyAttributes>
              <displaynames>
                <displayname description="PrimaryKey" languagecode="1033" />
              </displaynames>
            </EntityKey>
          </EntityKeys>
          <EntitySetName>crdb9_taxidatas</EntitySetName>
          <IsDuplicateCheckSupported>0</IsDuplicateCheckSupported>
          <IsBusinessProcessEnabled>0</IsBusinessProcessEnabled>
          <IsRequiredOffline>0</IsRequiredOffline>
          <IsInteractionCentricEnabled>0</IsInteractionCentricEnabled>
          <IsCollaboration>0</IsCollaboration>
          <AutoRouteToOwnerQueue>0</AutoRouteToOwnerQueue>
          <IsConnectionsEnabled>0</IsConnectionsEnabled>
          <IsDocumentManagementEnabled>0</IsDocumentManagementEnabled>
          <AutoCreateAccessTeams>0</AutoCreateAccessTeams>
          <IsOneNoteIntegrationEnabled>0</IsOneNoteIntegrationEnabled>
          <IsKnowledgeManagementEnabled>0</IsKnowledgeManagementEnabled>
          <IsSLAEnabled>0</IsSLAEnabled>
          <IsDocumentRecommendationsEnabled>0</IsDocumentRecommendationsEnabled>
          <IsBPFEntity>0</IsBPFEntity>
          <OwnershipTypeMask>UserOwned</OwnershipTypeMask>
          <IsAuditEnabled>0</IsAuditEnabled>
          <IsRetrieveAuditEnabled>0</IsRetrieveAuditEnabled>
          <IsRetrieveMultipleAuditEnabled>0</IsRetrieveMultipleAuditEnabled>
          <IsActivity>0</IsActivity>
          <ActivityTypeMask></ActivityTypeMask>
          <IsActivityParty>0</IsActivityParty>
          <IsReplicated>0</IsReplicated>
          <IsReplicationUserFiltered>0</IsReplicationUserFiltered>
          <IsMailMergeEnabled>0</IsMailMergeEnabled>
          <IsVisibleInMobile>0</IsVisibleInMobile>
          <IsVisibleInMobileClient>0</IsVisibleInMobileClient>
          <IsReadOnlyInMobileClient>0</IsReadOnlyInMobileClient>
          <IsOfflineInMobileClient>0</IsOfflineInMobileClient>
          <DaysSinceRecordLastModified>0</DaysSinceRecordLastModified>
          <MobileOfflineFilters></MobileOfflineFilters>
          <IsMapiGridEnabled>1</IsMapiGridEnabled>
          <IsReadingPaneEnabled>1</IsReadingPaneEnabled>
          <IsQuickCreateEnabled>0</IsQuickCreateEnabled>
          <SyncToExternalSearchIndex>0</SyncToExternalSearchIndex>
          <IntroducedVersion>1.0.0.0</IntroducedVersion>
          <IsCustomizable>1</IsCustomizable>
          <IsRenameable>1</IsRenameable>
          <IsMappable>1</IsMappable>
          <CanModifyAuditSettings>1</CanModifyAuditSettings>
          <CanModifyMobileVisibility>1</CanModifyMobileVisibility>
          <CanModifyMobileClientVisibility>1</CanModifyMobileClientVisibility>
          <CanModifyMobileClientReadOnly>1</CanModifyMobileClientReadOnly>
          <CanModifyMobileClientOffline>1</CanModifyMobileClientOffline>
          <CanModifyConnectionSettings>1</CanModifyConnectionSettings>
          <CanModifyDuplicateDetectionSettings>1</CanModifyDuplicateDetectionSettings>
          <CanModifyMailMergeSettings>1</CanModifyMailMergeSettings>
          <CanModifyQueueSettings>1</CanModifyQueueSettings>
          <CanCreateAttributes>1</CanCreateAttributes>
          <CanCreateForms>1</CanCreateForms>
          <CanCreateCharts>1</CanCreateCharts>
          <CanCreateViews>1</CanCreateViews>
          <CanModifyAdditionalSettings>1</CanModifyAdditionalSettings>
          <CanEnableSyncToExternalSearchIndex>1</CanEnableSyncToExternalSearchIndex>
          <EnforceStateTransitions>0</EnforceStateTransitions>
          <CanChangeHierarchicalRelationship>1</CanChangeHierarchicalRelationship>
          <EntityHelpUrlEnabled>0</EntityHelpUrlEnabled>
          <ChangeTrackingEnabled>1</ChangeTrackingEnabled>
          <CanChangeTrackingBeEnabled>1</CanChangeTrackingBeEnabled>
          <IsEnabledForExternalChannels>0</IsEnabledForExternalChannels>
          <IsMSTeamsIntegrationEnabled>0</IsMSTeamsIntegrationEnabled>
          <IsSolutionAware>0</IsSolutionAware>
        </entity>
      </EntityInfo>
      <RibbonDiffXml>
        <CustomActions />
        <Templates>
          <RibbonTemplates Id="Mscrm.Templates"></RibbonTemplates>
        </Templates>
        <CommandDefinitions />
        <RuleDefinitions>
          <TabDisplayRules />
          <DisplayRules />
          <EnableRules />
        </RuleDefinitions>
        <LocLabels />
      </RibbonDiffXml>
    </Entity>
  </Entities>
  <Roles></Roles>
  <Workflows>
    <Workflow WorkflowId="{9e03b0d3-63b1-ef11-b8e9-6045bd8d954e}" Name="Getemail">
      <JsonFileName>/Workflows/Getemail-9E03B0D3-63B1-EF11-B8E9-6045BD8D954E.json</JsonFileName>
      <Type>1</Type>
      <Subprocess>0</Subprocess>
      <Category>5</Category>
      <Mode>0</Mode>
      <Scope>4</Scope>
      <OnDemand>0</OnDemand>
      <TriggerOnCreate>0</TriggerOnCreate>
      <TriggerOnDelete>0</TriggerOnDelete>
      <AsyncAutodelete>0</AsyncAutodelete>
      <SyncWorkflowLogOnFailure>0</SyncWorkflowLogOnFailure>
      <StateCode>1</StateCode>
      <StatusCode>2</StatusCode>
      <RunAs>1</RunAs>
      <IsTransacted>1</IsTransacted>
      <IntroducedVersion>1.0.0.0</IntroducedVersion>
      <IsCustomizable>1</IsCustomizable>
      <BusinessProcessType>0</BusinessProcessType>
      <IsCustomProcessingStepAllowedForOtherPublishers>1</IsCustomProcessingStepAllowedForOtherPublishers>
      <PrimaryEntity>none</PrimaryEntity>
      <LocalizedNames>
        <LocalizedName languagecode="1033" description="Getemail" />
      </LocalizedNames>
    </Workflow>
  </Workflows>
  <FieldSecurityProfiles></FieldSecurityProfiles>
  <Templates />
  <EntityMaps />
  <EntityRelationships />
  <OrganizationSettings />
  <optionsets />
  <CustomControls />
  <EntityDataProviders />
  <CanvasApps>
    <CanvasApp>
      <Name>del_app_c86e3</Name>
      <AppVersion>2024-12-03T17:50:16Z</AppVersion>
      <Status>Ready</Status>
      <CreatedByClientVersion>3.24111.12.0</CreatedByClientVersion>
      <MinClientVersion>3.24111.12.0</MinClientVersion>
      <Tags>{"primaryDeviceWidth":"640","primaryDeviceHeight":"1136","supportsPortrait":"true","supportsLandscape":"true","primaryFormFactor":"Phone","showStatusBar":"false","publisherVersion":"3.24111.12","minimumRequiredApiVersion":"2.2.0","hasComponent":"false","hasUnlockedComponent":"false","isUnifiedRootApp":"false","sienaVersion":"20241203T175016Z-3.24111.12.0"}</Tags>
      <IsCdsUpgraded>0</IsCdsUpgraded>
      <GalleryItemId xsi:nil="true"></GalleryItemId>
      <BackgroundColor>RGBA(0,176,240,1)</BackgroundColor>
      <DisplayName>App</DisplayName>
      <Description xsi:nil="true"></Description>
      <CommitMessage xsi:nil="true"></CommitMessage>
      <Publisher xsi:nil="true"></Publisher>
      <AuthorizationReferences>[]</AuthorizationReferences>
      <ConnectionReferences>{"7dd54396-39d0-4431-87a2-6aa02d1c9c2d":{"id":"/providers/microsoft.powerapps/apis/shared_microsoftspatialservices","displayName":"Spatial Services","iconUri":"https://connectoricons-prod.azureedge.net/u/laborbol/partial-builds/1711/1.0.1711.3876/microsoftspatialservices/icon.png","dataSources":["SpatialServices"],"dependencies":[],"dependents":[],"parameterHints":{},"parameterHintsV2":{},"isOnPremiseConnection":false,"bypassConsent":false,"dataSets":{},"apiTier":"Premium"}}</ConnectionReferences>
      <DatabaseReferences>{"default.cds":{"databaseDetails":{"referenceType":"NotSpecified","environmentName":"default.cds","overrideValues":{"status":"NotSpecified","environmentVariableName":""}},"dataSources":{"TaxiDatas":{"entitySetName":"crdb9_taxidatas","logicalName":"crdb9_taxidata"}}}}</DatabaseReferences>
      <AppComponents>[]</AppComponents>
      <AppComponentDependencies>[]</AppComponentDependencies>
      <CanConsumeAppPass>0</CanConsumeAppPass>
      <CanvasAppType>0</CanvasAppType>
      <BypassConsent>0</BypassConsent>
      <AdminControlBypassConsent>0</AdminControlBypassConsent>
      <EmbeddedApp xsi:nil="true"></EmbeddedApp>
      <IntroducedVersion>1.0</IntroducedVersion>
      <CdsDependencies>{"cdsdependencies":[{"logicalname":"crdb9_taxidata","componenttype":1}]}</CdsDependencies>
      <IsCustomizable>1</IsCustomizable>
      <BackgroundImageUri>/CanvasApps/del_app_c86e3_BackgroundImageUri</BackgroundImageUri>
      <DocumentUri>/CanvasApps/del_app_c86e3_DocumentUri.msapp</DocumentUri>
      <AdditionalUris>
        <AdditionalUri>/CanvasApps/del_app_c86e3_AdditionalUris0_identity.json</AdditionalUri>
      </AdditionalUris>
    </CanvasApp>
  </CanvasApps>
  <connectionreferences>
    <connectionreference connectionreferencelogicalname="del_sharedcommondataserviceforapps_572ba">
      <connectionreferencedisplayname>Microsoft Dataverse DETaxiDemo-572ba</connectionreferencedisplayname>
      <connectorid>/providers/Microsoft.PowerApps/apis/shared_commondataserviceforapps</connectorid>
      <iscustomizable>1</iscustomizable>
      <promptingbehavior>0</promptingbehavior>
      <statecode>0</statecode>
      <statuscode>1</statuscode>
    </connectionreference>
    <connectionreference connectionreferencelogicalname="del_shareddataflows_9d791">
      <connectionreferencedisplayname>Power Query Dataflows DETaxiDemo-9d791</connectionreferencedisplayname>
      <connectorid>/providers/Microsoft.PowerApps/apis/shared_dataflows</connectorid>
      <iscustomizable>1</iscustomizable>
      <promptingbehavior>0</promptingbehavior>
      <statecode>0</statecode>
      <statuscode>1</statuscode>
    </connectionreference>
    <connectionreference connectionreferencelogicalname="del_sharedoffice365_d58be">
      <connectionreferencedisplayname>Office 365 Outlook DETaxiDemo-d58be</connectionreferencedisplayname>
      <connectorid>/providers/Microsoft.PowerApps/apis/shared_office365</connectorid>
      <iscustomizable>1</iscustomizable>
      <promptingbehavior>0</promptingbehavior>
      <statecode>0</statecode>
      <statuscode>1</statuscode>
    </connectionreference>
    <connectionreference connectionreferencelogicalname="del_sharedonedriveforbusiness_3b8c5">
      <connectionreferencedisplayname>OneDrive for Business DETaxiDemo-3b8c5</connectionreferencedisplayname>
      <connectorid>/providers/Microsoft.PowerApps/apis/shared_onedriveforbusiness</connectorid>
      <iscustomizable>1</iscustomizable>
      <promptingbehavior>0</promptingbehavior>
      <statecode>0</statecode>
      <statuscode>1</statuscode>
    </connectionreference>
  </connectionreferences>
  <msdyn_dataflows>
    <msdyn_dataflow msdyn_dataflowid="8a4eb42b-68b1-ef11-b8e9-6045bd8d954e">
      <iscustomizable>1</iscustomizable>
      <msdyn_internalversion>2923d75c-d3df-40ef-9aa0-ef4ce212a781</msdyn_internalversion>
      <msdyn_mashupdocument>section Section1;
shared extractedyellowtaxidata = let
  Source = Csv.Document(Web.Contents("https://amalitech-my.sharepoint.com/personal/andrew_marfo_amalitech_com/Documents/Labs/DE%20PowerAutomate/extractedyellowtaxidata.csv"), [Delimiter = ",", Columns = 20, QuoteStyle = QuoteStyle.None]),
  #"Promoted headers" = Table.PromoteHeaders(Source, [PromoteAllScalars = true]),
  #"Changed column type" = Table.TransformColumnTypes(#"Promoted headers", {{"RateCodeID", Int64.Type}, {"RatecodeID", type text}, {"VendorID", Int64.Type}, {"dropoff_latitude", type number}, {"dropoff_longitude", type number}, {"extra", type number}, {"fare_amount", type number}, {"improvement_surcharge", type number}, {"mta_tax", type number}, {"passenger_count", Int64.Type}, {"payment_type", Int64.Type}, {"pickup_latitude", type number}, {"pickup_longitude", type number}, {"store_and_fwd_flag", type text}, {"tip_amount", type number}, {"tolls_amount", type number}, {"total_amount", type number}, {"tpep_dropoff_datetime", type datetime}, {"tpep_pickup_datetime", type datetime}, {"trip_distance", type number}}),
  #"Removed columns" = Table.RemoveColumns(#"Changed column type", {"RateCodeID", "RatecodeID"}),
  #"Filtered rows" = Table.SelectRows(#"Removed columns", each ([dropoff_latitude] &lt;&gt; 0)),
  #"Added index" = Table.AddIndexColumn(#"Filtered rows", "Indentifier", 0, 1, Int64.Type),
  #"Changed column type 1" = Table.TransformColumnTypes(#"Added index", {{"dropoff_latitude", type text}, {"dropoff_longitude", type text}, {"pickup_latitude", type text}, {"pickup_longitude", type text}})
in
  #"Changed column type 1";
</msdyn_mashupdocument>
      <msdyn_mashupsettings>{"QueryGroups":[],"DocumentLocale":"en-GB","QueriesMetadata":{"extractedyellowtaxidata":{"QueryId":"54555795-d1d1-4dca-acd3-cb8a8ebb494f","QueryName":"extractedyellowtaxidata","QueryGroupId":null,"EntityName":"crdb9_TaxiData","LastKnownIsCalculatedEntity":false,"LastKnownIsLinkedEntity":false,"LastKnownIsParameter":false,"IsHidden":null,"LastKnownResultTypeName":"table","LoadEnabled":true,"DeleteExistingDataOnLoad":false,"FieldsMetadata":{"crdb9_dropoff_latitude":{"SourceColumnName":"dropoff_latitude","DestinationFieldType":"String","AutoNumberSettings":null},"crdb9_dropoff_longitude":{"SourceColumnName":"dropoff_longitude","DestinationFieldType":"String","AutoNumberSettings":null},"crdb9_extra":{"SourceColumnName":"extra","DestinationFieldType":"Double","AutoNumberSettings":null},"crdb9_fare_amount":{"SourceColumnName":"fare_amount","DestinationFieldType":"Double","AutoNumberSettings":null},"crdb9_improvement_surcharge":{"SourceColumnName":"improvement_surcharge","DestinationFieldType":"Double","AutoNumberSettings":null},"crdb9_Indentifier":{"SourceColumnName":"Indentifier","DestinationFieldType":"String","AutoNumberSettings":null},"crdb9_mta_tax":{"SourceColumnName":"mta_tax","DestinationFieldType":"Double","AutoNumberSettings":null},"crdb9_passenger_count":{"SourceColumnName":"passenger_count","DestinationFieldType":"Integer","AutoNumberSettings":null},"crdb9_payment_type":{"SourceColumnName":"payment_type","DestinationFieldType":"Integer","AutoNumberSettings":null},"crdb9_pickup_latitude":{"SourceColumnName":"pickup_latitude","DestinationFieldType":"String","AutoNumberSettings":null},"crdb9_pickup_longitude":{"SourceColumnName":"pickup_longitude","DestinationFieldType":"String","AutoNumberSettings":null},"crdb9_store_and_fwd_flag":{"SourceColumnName":"store_and_fwd_flag","DestinationFieldType":"String","AutoNumberSettings":null},"crdb9_tip_amount":{"SourceColumnName":"tip_amount","DestinationFieldType":"Double","AutoNumberSettings":null},"crdb9_tolls_amount":{"SourceColumnName":"tolls_amount","DestinationFieldType":"Double","AutoNumberSettings":null},"crdb9_total_amount":{"SourceColumnName":"total_amount","DestinationFieldType":"Double","AutoNumberSettings":null},"crdb9_tpep_dropoff_datetime":{"SourceColumnName":"tpep_dropoff_datetime","DestinationFieldType":"DateAndTime","AutoNumberSettings":null},"crdb9_tpep_pickup_datetime":{"SourceColumnName":"tpep_pickup_datetime","DestinationFieldType":"DateAndTime","AutoNumberSettings":null},"crdb9_trip_distance":{"SourceColumnName":"trip_distance","DestinationFieldType":"Double","AutoNumberSettings":null},"crdb9_VendorID":{"SourceColumnName":"VendorID","DestinationFieldType":"Integer","AutoNumberSettings":null}},"HostProperties":{"NewEntityPrimaryNameField":"crdb9_Indentifier","MappingEditorProperties":"{}"},"JsonOutputDestinations":null,"BindToDefaultOutputDestination":null,"JsonIncrementalRefreshSettings":null,"JsonStagingDefinition":null}},"FastCombine":false,"AllowNativeQueries":false,"HostContext":{"Type":"CdsT","Details":{"EnvironmentId":"138f9321-0888-ea5b-bef5-4d39352c8841"}},"HostProperties":null,"SkipAutomaticTypeAndHeaderDetection":false,"DisableAutoAnonymousConnectionUpsert":false,"AllowedModules":null,"DataflowMetadata":"{\"DataflowType\":\"Cdst\",\"DataflowId\":\"22a56052-4bd4-47ba-bbc5-ee919a3e6149\",\"OwnerUserId\":\"fe7142d9-6f80-4462-8e32-55763f6ce43d\",\"OwnerName\":\"Unknown\",\"OwnerTenantId\":\"b20a8f4d-0d6a-4f2e-83a2-181c968f8882\",\"GatewayObjectId\":null,\"ModelSnapshotUri\":\"\",\"GroupId\":\"138f9321-0888-ea5b-bef5-4d39352c8841\",\"DataflowState\":\"Source\",\"LastUpdateTime\":\"2024-12-03T11:39:22.5108403+00:00\",\"LastStateChangedTime\":\"2024-12-03T11:39:22.5108403+00:00\",\"CreatedTime\":\"2024-12-03T11:15:03.3078795+00:00\",\"ExpiresAfter\":\"2024-12-05T10:15:03.305194+00:00\",\"AllowedModules\":null,\"UseHostConnectionProvider\":null,\"SkipAutomaticTypeAndHeaderDetection\":null,\"EditingSessionId\":null,\"HostInformation\":null,\"HostContext\":{\"Type\":\"CdsT\",\"Details\":{\"EnvironmentId\":\"138f9321-0888-ea5b-bef5-4d39352c8841\"}},\"HostProperties\":{\"ServiceFeatureFlag_EnableNewCdstDataflowOrchestration\":\"true\"},\"DisableAutoAnonymousConnectionUpsert\":null,\"RelatedDataflowId\":\"3cf83611-6551-42bf-9848-52ac6a242ae3\",\"NotificationSettings\":{\"RefreshEmailSettings\":{\"SendMailEnabled\":true,\"EmailsList\":[\"andrew.marfo@amalitech.com\"]},\"DataflowWebhooks\":{}},\"DataflowPublishMetadata\":{\"PublishStatus\":\"Published\",\"ErrorInfo\":null,\"PublishVersion\":\"2024-12-03T11:38:00.8643471+00:00\",\"LastUpdateTime\":\"2024-12-03T11:39:22.5129217+00:00\",\"LastPublishedTime\":\"2024-12-03T11:39:22.5129217+00:00\",\"SessionId\":null,\"RequestId\":null},\"TrustedConnections\":null,\"ConnectionOverrides\":[{\"Path\":\"https://amalitech-my.sharepoint.com\",\"Kind\":\"Web\",\"Provider\":\"PowerApps\",\"EnvironmentName\":\"138f9321-0888-ea5b-bef5-4d39352c8841\",\"ApiName\":\"webcontents\",\"ConnectionName\":\"7563f5feac31438f92e2d2c0cd69da38\",\"CredentialDetails\":{},\"ConnectionParameters\":{},\"PrivacyGroup\":\"None\"}]}","Dataflow":"{\"name\":\"TaxiDataIngestion\",\"ppdf:dataflowId\":\"22a56052-4bd4-47ba-bbc5-ee919a3e6149\",\"ppdf:owner\":{\"tenantId\":\"b20a8f4d-0d6a-4f2e-83a2-181c968f8882\",\"userId\":\"fe7142d9-6f80-4462-8e32-55763f6ce43d\"},\"ppdf:fastCopy\":false,\"version\":\"13\",\"culture\":\"en-GB\",\"ppdf:outputFileFormat\":\"Csv\",\"pbi:mashup\":{\"fastCombine\":false,\"allowNativeQueries\":false,\"queriesMetadata\":{\"extractedyellowtaxidata\":{\"queryId\":\"54555795-d1d1-4dca-acd3-cb8a8ebb494f\",\"queryName\":\"extractedyellowtaxidata\",\"entityName\":\"crdb9_TaxiData\",\"loadEnabled\":true,\"lastKnownResultTypeName\":\"table\",\"lastKnownIsCalculatedEntity\":false,\"lastKnownIsLinkedEntity\":false,\"lastKnownIsParameter\":false,\"deleteExistingDataOnLoad\":false,\"hostProperties\":{\"NewEntityPrimaryNameField\":\"crdb9_Indentifier\",\"MappingEditorProperties\":\"{}\"},\"fieldsMetadata\":{\"crdb9_dropoff_latitude\":{\"sourceColumnName\":\"dropoff_latitude\",\"destinationFieldType\":\"String\"},\"crdb9_dropoff_longitude\":{\"sourceColumnName\":\"dropoff_longitude\",\"destinationFieldType\":\"String\"},\"crdb9_extra\":{\"sourceColumnName\":\"extra\",\"destinationFieldType\":\"Double\"},\"crdb9_fare_amount\":{\"sourceColumnName\":\"fare_amount\",\"destinationFieldType\":\"Double\"},\"crdb9_improvement_surcharge\":{\"sourceColumnName\":\"improvement_surcharge\",\"destinationFieldType\":\"Double\"},\"crdb9_Indentifier\":{\"sourceColumnName\":\"Indentifier\",\"destinationFieldType\":\"String\"},\"crdb9_mta_tax\":{\"sourceColumnName\":\"mta_tax\",\"destinationFieldType\":\"Double\"},\"crdb9_passenger_count\":{\"sourceColumnName\":\"passenger_count\",\"destinationFieldType\":\"Integer\"},\"crdb9_payment_type\":{\"sourceColumnName\":\"payment_type\",\"destinationFieldType\":\"Integer\"},\"crdb9_pickup_latitude\":{\"sourceColumnName\":\"pickup_latitude\",\"destinationFieldType\":\"String\"},\"crdb9_pickup_longitude\":{\"sourceColumnName\":\"pickup_longitude\",\"destinationFieldType\":\"String\"},\"crdb9_store_and_fwd_flag\":{\"sourceColumnName\":\"store_and_fwd_flag\",\"destinationFieldType\":\"String\"},\"crdb9_tip_amount\":{\"sourceColumnName\":\"tip_amount\",\"destinationFieldType\":\"Double\"},\"crdb9_tolls_amount\":{\"sourceColumnName\":\"tolls_amount\",\"destinationFieldType\":\"Double\"},\"crdb9_total_amount\":{\"sourceColumnName\":\"total_amount\",\"destinationFieldType\":\"Double\"},\"crdb9_tpep_dropoff_datetime\":{\"sourceColumnName\":\"tpep_dropoff_datetime\",\"destinationFieldType\":\"DateAndTime\"},\"crdb9_tpep_pickup_datetime\":{\"sourceColumnName\":\"tpep_pickup_datetime\",\"destinationFieldType\":\"DateAndTime\"},\"crdb9_trip_distance\":{\"sourceColumnName\":\"trip_distance\",\"destinationFieldType\":\"Double\"},\"crdb9_VendorID\":{\"sourceColumnName\":\"VendorID\",\"destinationFieldType\":\"Integer\"}}}},\"document\":\"section Section1;\\r\\nshared extractedyellowtaxidata = let\\r\\n  Source = Csv.Document(Web.Contents(\\\"https://amalitech-my.sharepoint.com/personal/andrew_marfo_amalitech_com/Documents/Labs/DE%20PowerAutomate/extractedyellowtaxidata.csv\\\"), [Delimiter = \\\",\\\", Columns = 20, QuoteStyle = QuoteStyle.None]),\\r\\n  #\\\"Promoted headers\\\" = Table.PromoteHeaders(Source, [PromoteAllScalars = true]),\\r\\n  #\\\"Changed column type\\\" = Table.TransformColumnTypes(#\\\"Promoted headers\\\", {{\\\"RateCodeID\\\", Int64.Type}, {\\\"RatecodeID\\\", type text}, {\\\"VendorID\\\", Int64.Type}, {\\\"dropoff_latitude\\\", type number}, {\\\"dropoff_longitude\\\", type number}, {\\\"extra\\\", type number}, {\\\"fare_amount\\\", type number}, {\\\"improvement_surcharge\\\", type number}, {\\\"mta_tax\\\", type number}, {\\\"passenger_count\\\", Int64.Type}, {\\\"payment_type\\\", Int64.Type}, {\\\"pickup_latitude\\\", type number}, {\\\"pickup_longitude\\\", type number}, {\\\"store_and_fwd_flag\\\", type text}, {\\\"tip_amount\\\", type number}, {\\\"tolls_amount\\\", type number}, {\\\"total_amount\\\", type number}, {\\\"tpep_dropoff_datetime\\\", type datetime}, {\\\"tpep_pickup_datetime\\\", type datetime}, {\\\"trip_distance\\\", type number}}),\\r\\n  #\\\"Removed columns\\\" = Table.RemoveColumns(#\\\"Changed column type\\\", {\\\"RateCodeID\\\", \\\"RatecodeID\\\"}),\\r\\n  #\\\"Filtered rows\\\" = Table.SelectRows(#\\\"Removed columns\\\", each ([dropoff_latitude] &lt;&gt; 0)),\\r\\n  #\\\"Added index\\\" = Table.AddIndexColumn(#\\\"Filtered rows\\\", \\\"Indentifier\\\", 0, 1, Int64.Type),\\r\\n  #\\\"Changed column type 1\\\" = Table.TransformColumnTypes(#\\\"Added index\\\", {{\\\"dropoff_latitude\\\", type text}, {\\\"dropoff_longitude\\\", type text}, {\\\"pickup_latitude\\\", type text}, {\\\"pickup_longitude\\\", type text}})\\r\\nin\\r\\n  #\\\"Changed column type 1\\\";\\r\\n\"},\"annotations\":[{\"name\":\"pbi:QueryGroups\",\"value\":\"[]\"}]}"}</msdyn_mashupsettings>
      <msdyn_name>TaxiDataIngestion</msdyn_name>
      <msdyn_originaldataflowid>22a56052-4bd4-47ba-bbc5-ee919a3e6149</msdyn_originaldataflowid>
      <statecode>0</statecode>
      <statuscode>1</statuscode>
    </msdyn_dataflow>
    <msdyn_dataflow msdyn_dataflowid="d470ddd4-99b1-ef11-b8e9-6045bd8d954e">
      <iscustomizable>1</iscustomizable>
      <msdyn_internalversion>4cf8a96d-e827-4906-ab3d-0c57ab97ccec</msdyn_internalversion>
      <msdyn_mashupdocument>section Section1;
shared ExtractedYellowTaxiData = let
  Source = Csv.Document(Web.Contents("https://amalitech-my.sharepoint.com/personal/andrew_marfo_amalitech_com/Documents/Apps/Microsoft Power Query/Uploaded Files/ExtractedYellowTaxiData.csv"), [Delimiter = ",", Columns = 20, QuoteStyle = QuoteStyle.None]),
  #"Promoted headers" = Table.PromoteHeaders(Source, [PromoteAllScalars = true]),
  #"Changed column type" = Table.TransformColumnTypes(#"Promoted headers", {{"RateCodeID", Int64.Type}, {"RatecodeID", type text}, {"VendorID", Int64.Type}, {"dropoff_latitude", type number}, {"dropoff_longitude", type number}, {"extra", type number}, {"fare_amount", type number}, {"improvement_surcharge", type number}, {"mta_tax", type number}, {"passenger_count", Int64.Type}, {"payment_type", Int64.Type}, {"pickup_latitude", type number}, {"pickup_longitude", type number}, {"store_and_fwd_flag", type text}, {"tip_amount", type number}, {"tolls_amount", type number}, {"total_amount", type number}, {"tpep_dropoff_datetime", type datetime}, {"tpep_pickup_datetime", type datetime}, {"trip_distance", type number}}),
  Profile = Table.Profile(#"Changed column type")
in
  Profile;
</msdyn_mashupdocument>
      <msdyn_mashupsettings>{"QueryGroups":[],"DocumentLocale":"en-GB","QueriesMetadata":{"ExtractedYellowTaxiData":{"QueryId":"9d0040c2-17a8-46cc-a617-97b3e2284852","QueryName":"ExtractedYellowTaxiData","QueryGroupId":null,"EntityName":"crdb9_TaxiDataProfile","LastKnownIsCalculatedEntity":false,"LastKnownIsLinkedEntity":false,"LastKnownIsParameter":false,"IsHidden":null,"LastKnownResultTypeName":"table","LoadEnabled":true,"DeleteExistingDataOnLoad":false,"FieldsMetadata":{"crdb9_Average":{"SourceColumnName":"Average","DestinationFieldType":"Memo","AutoNumberSettings":null},"crdb9_Column":{"SourceColumnName":"Column","DestinationFieldType":"String","AutoNumberSettings":null},"crdb9_Count":{"SourceColumnName":"Count","DestinationFieldType":"Double","AutoNumberSettings":null},"crdb9_DistinctCount":{"SourceColumnName":"DistinctCount","DestinationFieldType":"Memo","AutoNumberSettings":null},"crdb9_Max":{"SourceColumnName":"Max","DestinationFieldType":"Memo","AutoNumberSettings":null},"crdb9_Min":{"SourceColumnName":"Min","DestinationFieldType":"Memo","AutoNumberSettings":null},"crdb9_NullCount":{"SourceColumnName":"NullCount","DestinationFieldType":"Memo","AutoNumberSettings":null},"crdb9_StandardDeviation":{"SourceColumnName":"StandardDeviation","DestinationFieldType":"Double","AutoNumberSettings":null},"crdb9_identifier":{"SourceColumnName":null,"DestinationFieldType":"String","AutoNumberSettings":{"AutoNumberFormat":"{SEQNUM:4}","DisplayName":"identifier","SeedValue":1000}}},"HostProperties":{"NewEntityPrimaryNameField":"crdb9_identifier","MappingEditorProperties":"{}"},"JsonOutputDestinations":null,"BindToDefaultOutputDestination":null,"JsonIncrementalRefreshSettings":null,"JsonStagingDefinition":null}},"FastCombine":false,"AllowNativeQueries":false,"HostContext":{"Type":"CdsT","Details":{"EnvironmentId":"138f9321-0888-ea5b-bef5-4d39352c8841"}},"HostProperties":null,"SkipAutomaticTypeAndHeaderDetection":false,"DisableAutoAnonymousConnectionUpsert":false,"AllowedModules":null,"DataflowMetadata":"{\"DataflowType\":\"Cdst\",\"DataflowId\":\"79fa7d58-e839-44f9-97f7-d3ed7c35d92e\",\"OwnerUserId\":\"fe7142d9-6f80-4462-8e32-55763f6ce43d\",\"OwnerName\":\"Unknown\",\"OwnerTenantId\":\"b20a8f4d-0d6a-4f2e-83a2-181c968f8882\",\"GatewayObjectId\":null,\"ModelSnapshotUri\":\"\",\"GroupId\":\"138f9321-0888-ea5b-bef5-4d39352c8841\",\"DataflowState\":\"Source\",\"LastUpdateTime\":\"2024-12-03T17:19:34.1095235+00:00\",\"LastStateChangedTime\":\"2024-12-03T17:19:34.1095235+00:00\",\"CreatedTime\":\"2024-12-03T17:11:42.3119059+00:00\",\"ExpiresAfter\":\"2024-12-05T16:11:42.310167+00:00\",\"AllowedModules\":null,\"UseHostConnectionProvider\":null,\"SkipAutomaticTypeAndHeaderDetection\":null,\"EditingSessionId\":null,\"HostInformation\":null,\"HostContext\":{\"Type\":\"CdsT\",\"Details\":{\"EnvironmentId\":\"138f9321-0888-ea5b-bef5-4d39352c8841\"}},\"HostProperties\":{\"ServiceFeatureFlag_EnableNewCdstDataflowOrchestration\":\"true\"},\"DisableAutoAnonymousConnectionUpsert\":null,\"RelatedDataflowId\":\"b592f9e8-eba7-4808-9843-c44b64bdce69\",\"NotificationSettings\":{\"RefreshEmailSettings\":{\"SendMailEnabled\":false,\"EmailsList\":[]},\"DataflowWebhooks\":{}},\"DataflowPublishMetadata\":{\"PublishStatus\":\"Published\",\"ErrorInfo\":null,\"PublishVersion\":\"2024-12-03T17:18:42.3601053+00:00\",\"LastUpdateTime\":\"2024-12-03T17:19:34.1051903+00:00\",\"LastPublishedTime\":\"2024-12-03T17:19:34.1051903+00:00\",\"SessionId\":null,\"RequestId\":null},\"TrustedConnections\":null,\"ConnectionOverrides\":[{\"Path\":\"https://amalitech-my.sharepoint.com\",\"Kind\":\"Web\",\"Provider\":\"PowerApps\",\"EnvironmentName\":\"138f9321-0888-ea5b-bef5-4d39352c8841\",\"ApiName\":\"webcontents\",\"ConnectionName\":\"7563f5feac31438f92e2d2c0cd69da38\",\"CredentialDetails\":{},\"ConnectionParameters\":{},\"PrivacyGroup\":\"None\"}]}","Dataflow":"{\"name\":\"TaxiData\",\"ppdf:dataflowId\":\"79fa7d58-e839-44f9-97f7-d3ed7c35d92e\",\"ppdf:owner\":{\"tenantId\":\"b20a8f4d-0d6a-4f2e-83a2-181c968f8882\",\"userId\":\"fe7142d9-6f80-4462-8e32-55763f6ce43d\"},\"ppdf:fastCopy\":false,\"version\":\"5\",\"culture\":\"en-GB\",\"ppdf:outputFileFormat\":\"Csv\",\"pbi:mashup\":{\"fastCombine\":false,\"allowNativeQueries\":false,\"queriesMetadata\":{\"ExtractedYellowTaxiData\":{\"queryId\":\"9d0040c2-17a8-46cc-a617-97b3e2284852\",\"queryName\":\"ExtractedYellowTaxiData\",\"entityName\":\"crdb9_TaxiDataProfile\",\"loadEnabled\":true,\"lastKnownResultTypeName\":\"table\",\"lastKnownIsCalculatedEntity\":false,\"lastKnownIsLinkedEntity\":false,\"lastKnownIsParameter\":false,\"deleteExistingDataOnLoad\":false,\"hostProperties\":{\"NewEntityPrimaryNameField\":\"crdb9_identifier\",\"MappingEditorProperties\":\"{}\"},\"fieldsMetadata\":{\"crdb9_Average\":{\"sourceColumnName\":\"Average\",\"destinationFieldType\":\"Memo\"},\"crdb9_Column\":{\"sourceColumnName\":\"Column\",\"destinationFieldType\":\"String\"},\"crdb9_Count\":{\"sourceColumnName\":\"Count\",\"destinationFieldType\":\"Double\"},\"crdb9_DistinctCount\":{\"sourceColumnName\":\"DistinctCount\",\"destinationFieldType\":\"Memo\"},\"crdb9_Max\":{\"sourceColumnName\":\"Max\",\"destinationFieldType\":\"Memo\"},\"crdb9_Min\":{\"sourceColumnName\":\"Min\",\"destinationFieldType\":\"Memo\"},\"crdb9_NullCount\":{\"sourceColumnName\":\"NullCount\",\"destinationFieldType\":\"Memo\"},\"crdb9_StandardDeviation\":{\"sourceColumnName\":\"StandardDeviation\",\"destinationFieldType\":\"Double\"},\"crdb9_identifier\":{\"destinationFieldType\":\"String\",\"autoNumberSettings\":{\"autoNumberFormat\":\"{SEQNUM:4}\",\"displayName\":\"identifier\",\"seedValue\":1000}}}}},\"document\":\"section Section1;\\r\\nshared ExtractedYellowTaxiData = let\\n  Source = Csv.Document(Web.Contents(\\\"https://amalitech-my.sharepoint.com/personal/andrew_marfo_amalitech_com/Documents/Apps/Microsoft Power Query/Uploaded Files/ExtractedYellowTaxiData.csv\\\"), [Delimiter = \\\",\\\", Columns = 20, QuoteStyle = QuoteStyle.None]),\\n  #\\\"Promoted headers\\\" = Table.PromoteHeaders(Source, [PromoteAllScalars = true]),\\n  #\\\"Changed column type\\\" = Table.TransformColumnTypes(#\\\"Promoted headers\\\", {{\\\"RateCodeID\\\", Int64.Type}, {\\\"RatecodeID\\\", type text}, {\\\"VendorID\\\", Int64.Type}, {\\\"dropoff_latitude\\\", type number}, {\\\"dropoff_longitude\\\", type number}, {\\\"extra\\\", type number}, {\\\"fare_amount\\\", type number}, {\\\"improvement_surcharge\\\", type number}, {\\\"mta_tax\\\", type number}, {\\\"passenger_count\\\", Int64.Type}, {\\\"payment_type\\\", Int64.Type}, {\\\"pickup_latitude\\\", type number}, {\\\"pickup_longitude\\\", type number}, {\\\"store_and_fwd_flag\\\", type text}, {\\\"tip_amount\\\", type number}, {\\\"tolls_amount\\\", type number}, {\\\"total_amount\\\", type number}, {\\\"tpep_dropoff_datetime\\\", type datetime}, {\\\"tpep_pickup_datetime\\\", type datetime}, {\\\"trip_distance\\\", type number}}),\\n  Profile = Table.Profile(#\\\"Changed column type\\\")\\nin\\n  Profile;\\r\\n\"},\"annotations\":[{\"name\":\"pbi:QueryGroups\",\"value\":\"[]\"}]}"}</msdyn_mashupsettings>
      <msdyn_name>TaxiData</msdyn_name>
      <msdyn_originaldataflowid>79fa7d58-e839-44f9-97f7-d3ed7c35d92e</msdyn_originaldataflowid>
      <statecode>0</statecode>
      <statuscode>1</statuscode>
    </msdyn_dataflow>
  </msdyn_dataflows>
  <Languages>
    <Language>1033</Language>
  </Languages>
</ImportExportXml>